0.jpeg,0.663408027111
1.jpeg,1.860338259
2.jpeg,1.25069821459
3.jpeg,1.85953160713
4.jpeg,1.22642321439
5.jpeg,1.8595440411
6.jpeg,1.26894900705
7.jpeg,1.85874675077
8.jpeg,0.663408027111
9.jpeg,1.87980701878
10.jpeg,1.25069821459
11.jpeg,1.85902739985
12.jpeg,1.22642321439
13.jpeg,1.85913955256
14.jpeg,1.33154293555
15.jpeg,1.85874050979
16.jpeg,1.14205049098
17.jpeg,1.85953782421
18.jpeg,1.65779877033
19.jpeg,1.85874675077
20.jpeg,1.23866517845
21.jpeg,1.85874675077
22.jpeg,1.56363483377
23.jpeg,1.85874050979
24.jpeg,1.14205049098
25.jpeg,1.86675232615
26.jpeg,1.65779877033
27.jpeg,1.85848446639
28.jpeg,1.77827712896
29.jpeg,1.85795262925
30.jpeg,1.90272965369
31.jpeg,1.85794636417
32.jpeg,0.663408027111
33.jpeg,1.860338259
34.jpeg,1.25069821459
35.jpeg,1.85953160713
36.jpeg,1.22642321439
37.jpeg,1.86033206602
38.jpeg,1.26894900705
39.jpeg,1.85874050979
40.jpeg,0.663408027111
41.jpeg,1.88440948132
42.jpeg,1.25069821459
43.jpeg,1.85902739985
44.jpeg,1.22642321439
45.jpeg,1.86097514135
46.jpeg,1.33154293555
47.jpeg,1.85847821746
48.jpeg,1.14205049098
49.jpeg,1.85953782421
50.jpeg,1.90345938761
51.jpeg,1.85874675077
52.jpeg,1.23866517845
53.jpeg,1.85874050979
54.jpeg,1.90329856492
55.jpeg,1.85874050979
56.jpeg,1.14205049098
57.jpeg,1.84269107639
58.jpeg,1.90345938761
59.jpeg,1.84025473377
60.jpeg,1.61120706546
61.jpeg,1.85716172523
62.jpeg,1.87020505519
63.jpeg,1.85794636417
64.jpeg,0.663408027111
65.jpeg,1.8791240936
66.jpeg,1.25069821459
67.jpeg,1.86674632294
68.jpeg,1.22642321439
69.jpeg,1.85913955256
70.jpeg,1.80354086274
71.jpeg,1.85795262925
72.jpeg,0.663408027111
73.jpeg,1.8953440729
74.jpeg,1.25069821459
75.jpeg,1.85636146098
76.jpeg,1.22642321439
77.jpeg,1.8577457809
78.jpeg,1.80233608806
79.jpeg,1.85755127952
80.jpeg,1.14205049098
81.jpeg,1.85902116735
82.jpeg,1.65779877033
83.jpeg,1.85848446639
84.jpeg,1.31194893774
85.jpeg,1.85874675077
86.jpeg,1.90285565436
87.jpeg,1.85794636417
88.jpeg,1.14205049098
89.jpeg,1.85582410995
90.jpeg,1.65779877033
91.jpeg,1.85558342851
92.jpeg,1.77716263836
93.jpeg,1.85754500223
94.jpeg,1.90185561172
95.jpeg,1.8571491467
96.jpeg,0.663408027111
97.jpeg,1.88406204387
98.jpeg,1.25069821459
99.jpeg,1.84311566919
100.jpeg,1.22642321439
101.jpeg,1.86093809534
102.jpeg,1.642328645
103.jpeg,1.85716172523
104.jpeg,0.663408027111
105.jpeg,1.87584749688
106.jpeg,1.25069821459
107.jpeg,1.82969400092
108.jpeg,1.22642321439
109.jpeg,1.82601828428
110.jpeg,1.77502504918
111.jpeg,1.83457937789
112.jpeg,1.14205049098
113.jpeg,1.85902116735
114.jpeg,1.90345938761
115.jpeg,1.84024790692
116.jpeg,1.31194893774
117.jpeg,1.85847821746
118.jpeg,1.8702109585
119.jpeg,1.85794636417
120.jpeg,1.14205049098
121.jpeg,1.82960056608
122.jpeg,1.90345938761
123.jpeg,1.85556441537
124.jpeg,1.74974285976
125.jpeg,1.83544070843
126.jpeg,1.80835169672
127.jpeg,1.8571491467
128.jpeg,0.663408027111
129.jpeg,1.84240949294
130.jpeg,1.25069821459
131.jpeg,1.88712293837
132.jpeg,1.22642321439
133.jpeg,1.84337854289
134.jpeg,1.26894900705
135.jpeg,1.84301328043
136.jpeg,0.663408027111
137.jpeg,1.84906674252
138.jpeg,1.25069821459
139.jpeg,1.81598038177
140.jpeg,1.22642321439
141.jpeg,1.82203734379
142.jpeg,1.33154293555
143.jpeg,1.76196086287
144.jpeg,1.14205049098
145.jpeg,1.88712293837
146.jpeg,1.65779877033
147.jpeg,1.84116300709
148.jpeg,1.23866517845
149.jpeg,1.84268258146
150.jpeg,1.7767714421
151.jpeg,1.68804474492
152.jpeg,1.14205049098
153.jpeg,1.64699551463
154.jpeg,1.65779877033
155.jpeg,1.70496621893
156.jpeg,1.77827712896
157.jpeg,1.8178286425
158.jpeg,1.86964346834
159.jpeg,1.69588352563
160.jpeg,0.663408027111
161.jpeg,1.84240949294
162.jpeg,1.25069821459
163.jpeg,1.87754411525
164.jpeg,1.22642321439
165.jpeg,1.84390566681
166.jpeg,1.26894900705
167.jpeg,1.78265243291
168.jpeg,0.663408027111
169.jpeg,1.76590331322
170.jpeg,1.25069821459
171.jpeg,1.81598038177
172.jpeg,1.22642321439
173.jpeg,1.75921639595
174.jpeg,1.33154293555
175.jpeg,1.75897705173
176.jpeg,1.14205049098
177.jpeg,1.87778775605
178.jpeg,1.90345938761
179.jpeg,1.84184289953
180.jpeg,1.23866517845
181.jpeg,1.78728704027
182.jpeg,1.80596852906
183.jpeg,1.72891567289
184.jpeg,1.14205049098
185.jpeg,1.76125152026
186.jpeg,1.90345938761
187.jpeg,1.75822129549
188.jpeg,1.77304331298
189.jpeg,1.68064841958
190.jpeg,1.83537780615
191.jpeg,1.6733703049
192.jpeg,0.663408027111
193.jpeg,1.84701896826
194.jpeg,1.25069821459
195.jpeg,1.65097447525
196.jpeg,1.22642321439
197.jpeg,1.82203734379
198.jpeg,1.80354086274
199.jpeg,1.81782044656
200.jpeg,0.663408027111
201.jpeg,1.34236581213
202.jpeg,1.25069821459
203.jpeg,1.27740935802
204.jpeg,1.22642321439
205.jpeg,1.32264898901
206.jpeg,1.83039519864
207.jpeg,1.27720739887
208.jpeg,1.14205049098
209.jpeg,1.81596221924
210.jpeg,1.65779877033
211.jpeg,1.70493509316
212.jpeg,1.31194893774
213.jpeg,1.76194906048
214.jpeg,1.87561761002
215.jpeg,1.69588352563
216.jpeg,1.14205049098
217.jpeg,1.27740935802
218.jpeg,1.65779877033
219.jpeg,1.27720739887
220.jpeg,1.80477885528
221.jpeg,1.27720739887
222.jpeg,1.75745260216
223.jpeg,1.21881961729
224.jpeg,0.663408027111
225.jpeg,1.76662818252
226.jpeg,1.25069821459
227.jpeg,1.76123967718
228.jpeg,1.22642321439
229.jpeg,1.75584634076
230.jpeg,1.79838542179
231.jpeg,1.67727281369
232.jpeg,0.663408027111
233.jpeg,1.2204297762
234.jpeg,1.25069821459
235.jpeg,1.21962626917
236.jpeg,1.22642321439
237.jpeg,1.21935773585
238.jpeg,1.83039519864
239.jpeg,1.2190888522
240.jpeg,1.14205049098
241.jpeg,1.81596221924
242.jpeg,1.90345938761
243.jpeg,1.75820927699
244.jpeg,1.31194893774
245.jpeg,1.75896507721
246.jpeg,1.83515399802
247.jpeg,1.6733703049
248.jpeg,1.14205049098
249.jpeg,1.21962626917
250.jpeg,1.90345938761
251.jpeg,1.2190888522
252.jpeg,1.80477885528
253.jpeg,1.2190888522
254.jpeg,1.75745260216
255.jpeg,1.21881961729
